City_ID,City,Lat,Lng,Max Temp,Humidity,Cloudiness,Wind Speed,Country,Date
0,bethel,41.3712,-73.414,305.4,72.0,40.0,1.54,US,1720294797.0
1,sedalia,38.7045,-93.2283,303.11,48.0,0.0,0.0,US,1720294798.0
2,nagqu,31.5,92.0,279.15,89.0,100.0,0.92,CN,1720294799.0
3,puerto natales,-51.7236,-72.4875,269.4,100.0,100.0,0.0,CL,1720294800.0
4,russkaya polyana,49.417,31.9201,290.64,58.0,3.0,3.38,UA,1720294802.0
5,hermanus,-34.4187,19.2345,284.71,50.0,85.0,3.91,ZA,1720294803.0
6,port-aux-francais,-49.35,70.2167,275.53,94.0,81.0,14.83,TF,1720294804.0
7,west island,-12.1568,96.8225,301.14,78.0,51.0,6.17,CC,1720294805.0
8,blackmans bay,-43.0167,147.3167,274.11,95.0,97.0,0.45,AU,1720294806.0
9,alice springs,-23.7,133.8833,283.9,100.0,100.0,1.54,AU,1720294807.0
10,bereket,39.2446,55.5154,305.57,17.0,0.0,3.71,TM,1720294808.0
11,darovskoy,58.77,47.9564,289.85,90.0,56.0,4.06,RU,1720294809.0
12,anadyr,64.75,177.4833,288.43,77.0,40.0,2.0,RU,1720294811.0
13,edinburgh of the seven seas,-37.0676,-12.3116,282.94,55.0,100.0,7.08,SH,1720294812.0
14,grytviken,-54.2811,-36.5092,268.27,65.0,17.0,1.63,GS,1720294813.0
15,ushuaia,-54.8,-68.3,273.96,69.0,0.0,0.51,AR,1720294792.0
16,vorgashor,67.5833,63.95,286.11,78.0,45.0,4.22,RU,1720294815.0
17,haiku-pauwela,20.9219,-156.3051,300.51,57.0,40.0,5.14,US,1720294816.0
18,albany,42.6001,-73.9662,305.81,71.0,72.0,0.45,US,1720294817.0
19,bamboo flat,11.7,92.7167,298.2,94.0,100.0,1.03,IN,1720294818.0
20,kailua-kona,19.6406,-155.9956,300.13,85.0,40.0,2.06,US,1720294820.0
21,hawaiian paradise park,19.5933,-154.9731,299.28,77.0,75.0,2.06,US,1720294821.0
22,puerto leguizamo,-0.1934,-74.7819,299.67,91.0,42.0,1.14,CO,1720294822.0
23,flin flon,54.7682,-101.865,296.06,64.0,75.0,1.03,CA,1720294823.0
24,byron bay,-28.65,153.6167,285.77,69.0,100.0,3.93,AU,1720294824.0
25,olonkinbyen,70.9221,-8.7187,274.96,88.0,6.0,4.63,SJ,1720294825.0
26,wailua homesteads,22.0669,-159.378,300.39,77.0,20.0,5.14,US,1720294826.0
27,polyarnyy,69.1989,33.4478,283.94,88.0,100.0,10.54,RU,1720294827.0
28,las vegas,36.175,-115.1372,317.19,7.0,0.0,3.6,US,1720294533.0
29,ilhabela,-23.7781,-45.3581,293.75,91.0,37.0,3.81,BR,1720294830.0
30,upata,8.0086,-62.3989,302.7,54.0,93.0,4.17,VE,1720294831.0
31,arraial do cabo,-22.9661,-42.0278,296.13,73.0,20.0,7.72,BR,1720294832.0
32,la'ie,21.6477,-157.9253,301.18,69.0,15.0,3.58,US,1720294833.0
33,ola,59.5833,151.2833,284.7,90.0,100.0,1.16,RU,1720294834.0
34,waitangi,-43.9535,-176.5597,282.49,88.0,100.0,6.71,NZ,1720294835.0
35,greymouth,-42.4667,171.2,279.26,87.0,93.0,2.48,NZ,1720294837.0
36,thompson,55.7435,-97.8558,298.24,47.0,75.0,2.06,CA,1720294838.0
37,taiohae,,,,,,,,
38,ilulissat,69.2167,-51.1,281.16,66.0,75.0,5.14,GL,1720294840.0
39,la spezia,44.1105,9.8434,296.8,79.0,54.0,4.31,IT,1720294841.0
40,adamstown,-25.066,-130.1015,293.06,69.0,100.0,9.47,PN,1720294842.0
41,ribeira grande,38.5167,-28.7,299.37,61.0,40.0,4.63,PT,1720294843.0
42,mildura,-34.2,142.15,279.86,84.0,100.0,7.1,AU,1720294845.0
43,katsuura,35.1333,140.3,298.16,92.0,100.0,1.46,JP,1720294846.0
44,aral,40.5156,81.2636,298.38,34.0,0.0,2.7,CN,1720294847.0
45,sur,22.5667,59.5289,308.34,35.0,100.0,3.48,OM,1720294848.0
46,margaret river,-33.95,115.0667,288.67,77.0,92.0,8.02,AU,1720294849.0
47,bredasdorp,-34.5322,20.0403,284.9,39.0,100.0,2.93,ZA,1720294850.0
48,fort st. john,56.2499,-120.8529,294.09,43.0,75.0,3.6,CA,1720294851.0
49,matoury,4.8483,-52.3317,300.13,83.0,100.0,2.06,GF,1720294852.0
50,sisimiut,66.9395,-53.6735,279.51,80.0,60.0,2.0,GL,1720294854.0
51,al bayda',32.7627,21.7551,293.35,76.0,0.0,7.19,LY,1720294855.0
52,klyuchi,52.2667,79.1667,292.24,75.0,75.0,2.61,RU,1720294856.0
53,grand gaube,-20.0064,57.6608,293.37,83.0,3.0,0.45,MU,1720294857.0
54,chonchi,-42.6128,-73.8092,280.44,90.0,97.0,1.15,CL,1720294858.0
55,kodiak,57.79,-152.4072,287.88,67.0,0.0,4.12,US,1720294859.0
56,qaqortoq,60.7167,-46.0333,278.29,99.0,100.0,1.37,GL,1720294860.0
57,fortuna,40.5982,-124.1573,299.66,65.0,40.0,3.09,US,1720294861.0
58,susuman,62.7833,148.1667,283.78,85.0,80.0,1.25,RU,1720294863.0
59,nova sintra,14.8667,-24.7167,297.08,81.0,68.0,6.96,CV,1720294864.0
60,bhisho,-32.8472,27.4422,283.16,43.0,17.0,2.68,ZA,1720294865.0
61,shangri-la,,,,,,,,
62,san juan de los morros,9.9115,-67.3538,300.89,66.0,100.0,2.58,VE,1720294867.0
63,pailon,-17.65,-62.75,291.65,35.0,34.0,1.28,BO,1720294868.0
64,lorengau,-2.0226,147.2712,299.9,86.0,100.0,5.65,PG,1720294870.0
65,namdrik,5.5994,168.1028,302.05,76.0,100.0,7.52,MH,1720294871.0
66,oranjemund,-28.55,16.4333,288.26,74.0,87.0,11.51,NA,1720294872.0
67,tura,25.5198,90.2201,297.46,97.0,100.0,1.9,IN,1720294873.0
68,kabalo,-6.05,26.9167,299.84,31.0,85.0,0.97,CD,1720294874.0
69,papatowai,-46.5619,169.4708,283.03,82.0,96.0,10.77,NZ,1720294875.0
70,saint-joseph,-21.3667,55.6167,292.36,79.0,15.0,1.3,RE,1720294876.0
71,touros,-5.1989,-35.4608,298.72,82.0,18.0,3.5,BR,1720294877.0
72,geraldton,-28.7667,114.6,287.38,88.0,100.0,9.77,AU,1720294879.0
73,ar ruways,24.1103,52.7306,307.64,29.0,99.0,2.49,AE,1720294880.0
74,sinabang,2.4803,96.3801,299.42,87.0,100.0,2.5,ID,1720294881.0
75,atafu village,-8.5421,-172.5159,301.37,73.0,43.0,3.11,TK,1720294882.0
76,kargil,34.5667,76.1,283.68,50.0,3.0,2.67,IN,1720294883.0
77,vilyuchinsk,52.9306,158.4028,284.3,93.0,96.0,0.56,RU,1720294884.0
78,ardakan,32.31,54.0175,306.13,14.0,54.0,1.26,IR,1720294886.0
79,saipan,15.1355,145.701,301.54,83.0,20.0,4.63,MP,1720294887.0
80,jian'ou,27.0469,118.3253,298.56,84.0,89.0,1.61,CN,1720294888.0
81,trinity beach,-16.7888,145.6968,293.71,97.0,100.0,6.17,AU,1720294889.0
82,prado,-17.3411,-39.2208,296.64,86.0,68.0,3.45,BR,1720294890.0
83,ta`u,-14.2336,-169.5144,300.67,77.0,37.0,3.67,AS,1720294891.0
84,jamestown,42.097,-79.2353,299.27,68.0,75.0,5.66,US,1720294782.0
85,san patricio,28.017,-97.5169,307.55,41.0,46.0,5.04,US,1720294893.0
86,saint-denis,48.9167,2.3333,292.58,44.0,0.0,7.2,FR,1720294895.0
87,kavaratti,10.5669,72.642,301.13,85.0,100.0,6.92,IN,1720294896.0
88,sungai penuh,-2.0833,101.3833,291.79,94.0,100.0,1.19,ID,1720294897.0
89,borogontsy,62.6683,131.1683,284.84,78.0,52.0,1.02,RU,1720294898.0
90,longyearbyen,78.2186,15.6401,282.06,53.0,20.0,6.17,SJ,1720294899.0
91,zahedan,29.4963,60.8629,302.1,20.0,1.0,7.2,IR,1720294900.0
92,tiksi,71.6872,128.8694,275.57,84.0,27.0,3.45,RU,1720294901.0
93,vingt cinq,,,,,,,,
94,lompoc,34.6391,-120.4579,308.58,53.0,7.0,2.88,US,1720294904.0
95,talnakh,69.4865,88.3972,279.28,90.0,50.0,3.85,RU,1720294905.0
96,oral,51.2333,51.3667,298.14,61.0,0.0,3.0,KZ,1720294906.0
97,sirte,31.2089,16.5887,298.25,70.0,0.0,5.18,LY,1720294907.0
98,st. john's,47.5649,-52.7093,294.81,60.0,75.0,9.77,CA,1720294792.0
99,labytnangi,66.6572,66.4183,285.68,81.0,31.0,2.8,RU,1720294909.0
100,mount isa,-20.7333,139.5,288.02,88.0,4.0,3.09,AU,1720294911.0
101,ust-tsilma,65.441,52.1498,291.69,99.0,100.0,2.04,RU,1720294912.0
102,pechora,65.1472,57.2244,294.61,51.0,0.0,6.13,RU,1720294913.0
103,yany kapu,,,,,,,,
104,uyskoye,54.3775,60.0047,291.11,97.0,71.0,2.36,RU,1720294915.0
105,choibalsan,48.0667,114.5,292.51,63.0,73.0,3.28,MN,1720294916.0
106,fale old settlement,-9.3852,-171.2468,301.29,74.0,100.0,3.8,TK,1720294917.0
107,vandalia,39.8906,-84.1988,301.21,56.0,75.0,4.63,US,1720294918.0
108,flying fish cove,-10.4217,105.6791,298.97,88.0,75.0,5.14,CX,1720294920.0
109,mulayjah,27.271,48.4242,309.88,9.0,3.0,5.72,SA,1720294921.0
110,al mughraqah,31.4659,34.4121,299.36,71.0,0.0,2.22,PS,1720294922.0
111,cargados carajos,,,,,,,,
112,yellowknife,62.456,-114.3525,292.44,48.0,75.0,6.17,CA,1720294924.0
113,mount pearl,47.5166,-52.7813,294.34,60.0,75.0,9.77,CA,1720294925.0
114,rio grande,-32.035,-52.0986,284.21,63.0,100.0,3.73,BR,1720294926.0
115,san antonio de pale,-1.4014,5.6325,296.39,90.0,39.0,5.13,GQ,1720294927.0
116,kudahuvadhoo,2.6708,72.8944,301.74,74.0,100.0,1.6,MV,1720294929.0
117,enewetak,11.3474,162.3373,301.91,77.0,73.0,7.57,MH,1720294930.0
118,awjilah,29.1081,21.2869,302.61,32.0,0.0,6.29,LY,1720294931.0
119,invercargill,-46.4,168.35,282.6,92.0,100.0,7.6,NZ,1720294932.0
120,iqaluit,63.7506,-68.5145,282.0,57.0,20.0,2.06,CA,1720294933.0
121,devinuwara,,,,,,,,
122,ancud,-41.8697,-73.8203,281.39,85.0,92.0,1.85,CL,1720294935.0
123,sherbakul',54.6316,72.3963,290.42,97.0,91.0,4.97,RU,1720294937.0
124,santana,-0.0583,-51.1817,303.34,61.0,98.0,3.25,BR,1720294938.0
125,ordos,,,,,,,,
126,manghit,42.1156,60.0597,301.14,30.0,0.0,2.5,UZ,1720294940.0
127,karratha,-20.7377,116.8463,288.64,40.0,10.0,2.17,AU,1720294941.0
128,alotau,,,,,,,,
129,labrador city,52.9463,-66.9114,297.14,30.0,0.0,17.43,CA,1720294943.0
130,avarua,-21.2078,-159.775,299.18,83.0,75.0,7.2,CK,1720294944.0
131,colares,38.7992,-9.4469,291.9,66.0,20.0,11.32,PT,1720294946.0
132,puerto ayora,-0.7393,-90.3518,300.13,86.0,5.0,2.24,EC,1720294947.0
133,santa cruz cabralia,-16.2781,-39.0247,299.28,78.0,75.0,5.14,BR,1720294948.0
134,celestun,20.8667,-90.4,303.21,66.0,87.0,5.67,MX,1720294949.0
135,pisco,-13.7,-76.2167,294.18,73.0,0.0,3.09,PE,1720294950.0
136,lagdo,9.05,13.7333,297.14,79.0,49.0,1.32,CM,1720294951.0
137,derbent,42.0678,48.2899,300.47,57.0,52.0,2.09,RU,1720294952.0
138,tabalah,19.95,42.4,305.73,23.0,100.0,3.26,SA,1720294953.0
139,bela vista de goias,-16.9728,-48.9533,303.79,30.0,2.0,0.13,BR,1720294955.0
140,vila velha,-20.3297,-40.2925,302.02,99.0,0.0,5.14,BR,1720294956.0
141,mora,11.0461,14.1401,300.81,63.0,4.0,2.24,CM,1720294957.0
142,santo domingo de los colorados,-0.25,-79.15,299.48,72.0,100.0,2.06,EC,1720294660.0
143,veshenskaya,49.6303,41.7334,295.82,63.0,0.0,7.0,RU,1720294959.0
144,punta arenas,-53.15,-70.9167,269.21,93.0,75.0,2.06,CL,1720294960.0
145,sitka,57.0531,-135.33,289.09,72.0,75.0,4.63,US,1720294961.0
146,fortaleza,-3.7227,-38.5247,302.63,85.0,0.0,5.66,BR,1720294685.0
147,mpanda,-6.3655,31.0409,292.6,43.0,28.0,0.77,TZ,1720294964.0
148,urengoy,65.9667,78.3667,282.55,64.0,0.0,5.7,RU,1720294965.0
149,inhambane,-23.865,35.3833,291.3,63.0,0.0,3.54,MZ,1720294966.0
150,howrah,22.5892,88.3103,301.15,89.0,40.0,2.06,IN,1720294967.0
151,opuwo,-18.0607,13.84,290.05,21.0,0.0,0.56,NA,1720294968.0
152,udachny,66.4167,112.4,289.62,85.0,100.0,2.31,RU,1720294969.0
153,carutapera,-1.195,-46.02,300.94,74.0,17.0,5.36,BR,1720294970.0
154,nuuk,64.1835,-51.7216,282.49,81.0,20.0,7.72,GL,1720294972.0
155,guerrero negro,27.9769,-114.0611,301.82,45.0,2.0,4.18,MX,1720294973.0
156,lebu,-37.6167,-73.65,282.96,80.0,5.0,5.32,CL,1720294974.0
157,cuito,-12.3833,16.9333,285.96,27.0,50.0,1.36,AO,1720294975.0
158,guangyuan,32.442,105.823,296.98,98.0,100.0,0.37,CN,1720294976.0
159,tevriz,57.509,72.4042,289.88,82.0,98.0,2.8,RU,1720294977.0
160,vernon,50.2581,-119.2691,304.22,22.0,0.0,1.54,CA,1720294743.0
161,rongelap,11.1635,166.8941,301.71,79.0,96.0,7.25,MH,1720294979.0
162,furstenau,52.5167,7.7167,289.99,73.0,9.0,8.09,DE,1720294981.0
163,astrakhan,46.3497,48.0408,299.08,61.0,0.0,1.0,RU,1720294982.0
164,majalgaon,19.15,76.2333,300.62,65.0,100.0,7.38,IN,1720294983.0
165,villa constitucion,-33.2278,-60.3297,282.58,27.0,76.0,0.83,AR,1720294984.0
166,mooloolaba,-26.6833,153.1167,288.32,97.0,87.0,1.34,AU,1720294985.0
167,san luis de la loma,17.2706,-100.8939,303.9,63.0,29.0,4.53,MX,1720294986.0
168,paita,-5.0892,-81.1144,295.39,72.0,91.0,7.97,PE,1720294987.0
169,lusambo,-4.9667,23.45,296.49,39.0,27.0,0.44,CD,1720294988.0
170,ghat,24.9647,10.1728,308.13,14.0,0.0,2.24,LY,1720294990.0
171,hoganas,56.1997,12.558,290.37,89.0,100.0,2.24,SE,1720294991.0
172,idfu,24.9803,32.8747,308.57,21.0,100.0,8.53,EG,1720294992.0
173,warm mineral springs,27.0598,-82.2601,307.17,86.0,20.0,3.09,US,1720294993.0
174,duyun,26.2667,107.5167,296.45,92.0,100.0,4.79,CN,1720294994.0
175,port elizabeth,-33.918,25.5701,286.31,59.0,0.0,3.6,ZA,1720294951.0
176,utrik,11.2278,169.8474,301.22,80.0,14.0,8.24,MH,1720294996.0
177,thai binh,20.45,106.3333,301.18,83.0,50.0,3.83,VN,1720294997.0
178,machico,32.7,-16.7667,295.77,85.0,40.0,6.69,PT,1720294999.0
179,skerries,53.5828,-6.1083,288.58,82.0,88.0,4.41,IE,1720295000.0
180,yanbu,24.0891,38.0637,306.17,58.0,0.0,2.57,SA,1720295001.0
181,siwa oasis,29.2041,25.5195,305.1,30.0,0.0,4.71,EG,1720295002.0
182,jianshui,23.6363,102.8264,292.86,98.0,47.0,2.31,CN,1720295003.0
183,bilibino,68.0546,166.4372,280.64,84.0,97.0,2.25,RU,1720295004.0
184,ascencion de guarayos,,,,,,,,
185,okhotsk,59.3833,143.3,283.23,82.0,100.0,1.48,RU,1720295006.0
186,chengdu,30.6667,104.0667,298.09,94.0,75.0,1.0,CN,1720294781.0
187,kolonia,50.9333,6.95,290.35,50.0,0.0,6.17,DE,1720294982.0
188,muynoq,43.7683,59.0214,305.06,25.0,97.0,3.56,UZ,1720295010.0
189,brigantine,39.4101,-74.3646,305.26,74.0,20.0,5.66,US,1720295011.0
190,narva,59.3772,28.1903,286.72,72.0,66.0,2.19,EE,1720295012.0
191,bardaskan,,,,,,,,
192,mahaddayweyne,2.9726,45.5347,297.2,74.0,71.0,8.36,SO,1720295014.0
193,bealanana,-14.55,48.7333,287.1,96.0,1.0,0.76,MG,1720295015.0
194,inirida,3.8653,-67.9239,299.31,90.0,100.0,1.81,CO,1720295017.0
195,karatsu,33.4425,129.9697,302.09,57.0,96.0,0.89,JP,1720295018.0
196,vung tau,10.346,107.0843,301.08,77.0,100.0,2.43,VN,1720295019.0
197,qamdo,31.1667,97.2333,282.63,70.0,98.0,1.11,CN,1720295020.0
198,keelung,25.1283,121.7419,301.53,89.0,4.0,0.84,TW,1720295021.0
199,aleksandrov gay,50.147,48.5704,302.17,31.0,0.0,1.51,RU,1720295022.0
200,stanley,54.868,-1.6985,284.92,84.0,40.0,5.66,GB,1720295023.0
201,masterton,-40.9597,175.6575,279.2,95.0,20.0,1.03,NZ,1720295025.0
202,hamilton,39.1834,-84.5333,302.67,56.0,40.0,3.09,US,1720294853.0
203,shama junction,5.0087,-1.6301,298.12,86.0,100.0,3.93,GH,1720295027.0
204,banff,51.1762,-115.5698,294.36,32.0,100.0,1.54,CA,1720295028.0
205,kingscliff,-28.2667,153.5667,287.04,88.0,40.0,3.6,AU,1720295029.0
206,camocim,-2.9022,-40.8411,300.99,73.0,92.0,8.85,BR,1720295030.0
207,porto real,-22.4197,-44.2903,295.22,68.0,7.0,4.28,BR,1720295031.0
208,kachug,53.9606,105.8817,291.17,95.0,97.0,0.49,RU,1720295032.0
209,alghero,40.5589,8.3181,298.2,78.0,0.0,3.6,IT,1720295034.0
210,magadan,59.5667,150.8,284.36,93.0,100.0,0.02,RU,1720295035.0
211,hotan,37.0997,79.9269,296.12,37.0,85.0,3.62,CN,1720295036.0
212,casablanca,33.5928,-7.6192,295.27,73.0,75.0,4.12,MA,1720295037.0
213,harstad,68.799,16.5293,285.81,92.0,100.0,4.47,NO,1720295038.0
214,nar'yan-mar,67.6713,53.087,292.65,91.0,100.0,3.62,RU,1720295039.0
215,port mathurin,-19.6833,63.4167,295.94,75.0,75.0,8.8,MU,1720295040.0
216,namtsy,62.7161,129.6658,286.61,63.0,100.0,1.28,RU,1720295042.0
217,kaiapoi,-43.3783,172.6401,279.02,93.0,35.0,0.51,NZ,1720295043.0
218,georgetown,5.4112,100.3354,300.12,78.0,20.0,1.03,MY,1720294995.0
219,ust-nera,64.5667,143.2,279.53,96.0,100.0,2.24,RU,1720295045.0
220,illizi,26.4833,8.4667,311.04,15.0,0.0,5.21,DZ,1720295046.0
221,sao jose da coroa grande,-8.8978,-35.1478,298.03,87.0,26.0,5.45,BR,1720295047.0
222,hadibu,12.65,54.0333,299.19,81.0,27.0,7.88,YE,1720295048.0
223,queenstown,-31.8976,26.8753,279.59,32.0,58.0,3.07,ZA,1720295049.0
224,sena madureira,-9.0656,-68.6569,298.13,87.0,100.0,0.99,BR,1720295051.0
225,praia da vitoria,38.7333,-27.0667,297.29,78.0,40.0,5.1,PT,1720295052.0
226,antofagasta,-23.65,-70.4,289.75,84.0,42.0,3.55,CL,1720294989.0
227,prince rupert,54.3161,-130.3201,289.2,79.0,0.0,8.23,CA,1720295054.0
228,tsiombe,-25.3,45.4833,290.12,89.0,0.0,2.77,MG,1720295055.0
229,comodoro rivadavia,-45.8667,-67.5,277.07,75.0,75.0,2.57,AR,1720294829.0
230,limoux,42.9167,2.1667,288.69,94.0,100.0,1.45,FR,1720295057.0
231,constitucion,-35.3333,-72.4167,284.55,57.0,0.0,5.24,CL,1720295058.0
232,crane,31.3974,-102.3501,305.8,36.0,23.0,2.58,US,1720295060.0
233,isafjordur,66.0755,-23.124,281.94,59.0,81.0,3.08,IS,1720295061.0
234,shagonar,51.5333,92.8,289.48,68.0,16.0,0.74,RU,1720295062.0
235,guaimaca,14.5333,-86.8167,300.91,66.0,83.0,1.81,HN,1720295063.0
236,isla mujeres,21.2311,-86.731,304.18,85.0,100.0,4.11,MX,1720295064.0
237,petropavlovsk-kamchatsky,53.0452,158.6483,283.48,100.0,100.0,1.0,RU,1720295065.0
238,hayma',,,,,,,,
239,college,64.8569,-147.8028,288.33,87.0,100.0,2.06,US,1720295068.0
240,thohoyandou,-22.9456,30.485,284.88,13.0,0.0,1.51,ZA,1720295069.0
241,cabo san lucas,22.8909,-109.9124,305.32,51.0,0.0,4.12,MX,1720295003.0
242,aasiaat,68.7098,-52.8699,276.74,95.0,100.0,5.16,GL,1720295071.0
243,tombodu,8.1333,-10.6167,295.71,98.0,100.0,1.57,SL,1720295072.0
244,turka,49.1541,23.0297,289.82,86.0,82.0,2.96,UA,1720295073.0
245,semera,11.501,41.201,307.19,27.0,58.0,2.76,ET,1720295074.0
246,fonadhoo,,,,,,,,
247,bamyan,34.75,67.25,282.93,50.0,0.0,2.39,AF,1720295077.0
248,mount gambier,-37.8333,140.7667,276.36,88.0,0.0,2.96,AU,1720295078.0
249,remire-montjoly,4.9167,-52.2667,300.17,83.0,100.0,2.06,GF,1720295079.0
250,namibe,-15.1961,12.1522,290.57,88.0,73.0,2.38,AO,1720295080.0
251,codrington,-38.2667,141.9667,275.56,90.0,0.0,3.07,AU,1720295081.0
252,york,40.1254,-77.0,308.03,44.0,20.0,2.06,US,1720294970.0
253,acarau,-2.8856,-40.12,300.14,76.0,100.0,6.92,BR,1720295083.0
254,taltal,-25.4,-70.4833,288.29,77.0,16.0,2.68,CL,1720295085.0
255,trairi,-3.2778,-39.2689,299.47,78.0,100.0,4.62,BR,1720294800.0
256,rabupura,28.25,77.6,298.81,88.0,100.0,4.58,IN,1720295087.0
257,luderitz,-26.6481,15.1594,287.07,83.0,7.0,6.61,NA,1720295088.0
258,port lincoln,-34.7333,135.8667,285.84,86.0,100.0,10.43,AU,1720295089.0
259,curuzu cuatia,-29.7917,-58.0546,283.77,56.0,17.0,4.08,AR,1720295090.0
260,kill devil hills,36.0307,-75.676,305.16,69.0,0.0,7.72,US,1720295091.0
261,shingu,33.7333,135.9833,297.34,84.0,100.0,2.53,JP,1720295092.0
262,khash,28.2211,61.2158,301.32,16.0,1.0,3.69,IR,1720295094.0
263,swakopmund,-22.6833,14.5333,287.28,82.0,0.0,1.07,NA,1720295095.0
264,leh,34.1667,77.5833,285.11,48.0,27.0,2.74,IN,1720295096.0
265,colonia,50.9333,6.95,290.35,50.0,0.0,6.17,DE,1720295097.0
266,khanpur mahar,27.8436,69.4137,306.2,61.0,94.0,7.62,PK,1720295098.0
267,tokonou,9.65,-9.7833,295.17,93.0,100.0,2.04,GN,1720295099.0
268,ambodifotatra,-16.9833,49.85,295.78,76.0,2.0,0.69,MG,1720295100.0
269,pionerskiy,54.9508,20.2275,293.06,75.0,7.0,8.35,RU,1720295101.0
270,'ohonua,,,,,,,,
271,coquimbo,-29.9533,-71.3436,285.0,82.0,75.0,1.54,CL,1720295104.0
272,bodo,67.28,14.405,287.01,87.0,0.0,3.09,NO,1720295105.0
273,gao,16.6362,1.637,310.46,23.0,0.0,3.23,ML,1720295106.0
274,yerofey pavlovich,53.9667,121.9667,286.66,57.0,34.0,2.09,RU,1720295107.0
275,santo antonio,-6.3106,-35.4789,297.48,87.0,24.0,3.13,BR,1720295108.0
276,bel ombre,-4.6167,55.4167,299.06,89.0,40.0,0.51,SC,1720295109.0
277,ocean pointe,,,,,,,,
278,dhaurahra,28.0,81.0833,298.78,89.0,100.0,11.34,IN,1720295112.0
279,mancio lima,-7.6142,-72.8958,301.19,78.0,40.0,4.63,BR,1720295113.0
280,gambela,8.25,34.5833,294.45,97.0,100.0,1.14,ET,1720295114.0
281,puerto santa,-8.9906,-78.6456,293.45,79.0,33.0,5.55,PE,1720295115.0
282,ketchikan,55.3422,-131.6461,292.41,48.0,0.0,6.17,US,1720295116.0
283,kenai,60.5544,-151.2583,286.2,100.0,100.0,6.17,US,1720295117.0
284,puerto madryn,-42.7692,-65.0385,279.05,65.0,58.0,5.49,AR,1720294915.0
285,fuvahmulah,,,,,,,,
286,molde,62.7375,7.1591,286.06,82.0,100.0,1.54,NO,1720295121.0
287,mermoz boabab,14.7065,-17.4758,302.46,74.0,20.0,5.14,SN,1720295122.0
288,buka,40.8108,69.1986,297.16,27.0,0.0,2.49,UZ,1720295123.0
289,iskateley,67.6803,53.1512,292.68,91.0,100.0,3.62,RU,1720295124.0
290,mejit,10.2753,170.8646,301.07,77.0,93.0,8.7,MH,1720295125.0
291,rabo de peixe,37.8,-25.5833,295.88,83.0,20.0,5.14,PT,1720295127.0
292,vobarno,45.6401,10.5035,298.25,86.0,72.0,3.19,IT,1720295128.0
293,aegina,37.7467,23.4275,302.15,59.0,0.0,6.05,GR,1720295129.0
294,ambon,-3.6954,128.1814,299.75,95.0,94.0,3.92,ID,1720295130.0
295,yabelo,4.8833,38.0833,289.72,76.0,90.0,2.22,ET,1720295131.0
296,vodnyy,63.5046,53.4095,292.19,90.0,100.0,3.02,RU,1720295132.0
297,charlottetown,46.2352,-63.1267,292.31,95.0,100.0,8.23,CA,1720295108.0
298,ibra',,,,,,,,
299,hirara,24.8,125.2833,301.3,94.0,20.0,4.12,JP,1720295136.0
300,natal,-5.795,-35.2094,301.51,83.0,40.0,4.63,BR,1720294921.0
301,kuanda,56.3161,116.0806,288.35,57.0,12.0,1.52,RU,1720295138.0
302,lihue,21.9789,-159.3672,300.73,71.0,20.0,5.14,US,1720295139.0
303,dire,12.2833,-10.9667,301.45,72.0,100.0,1.58,ML,1720295140.0
304,chernyshevskiy,63.0128,112.4714,288.36,72.0,100.0,1.62,RU,1720295141.0
305,andergrove,-21.0833,149.1833,292.4,79.0,45.0,7.52,AU,1720295142.0
306,badger,64.8,-147.5333,288.29,87.0,40.0,2.06,US,1720295144.0
307,shenjiamen,29.9576,122.298,299.1,90.0,49.0,10.22,CN,1720295145.0
308,gamay,12.3854,125.2979,298.7,92.0,82.0,1.84,PH,1720295146.0
309,port alfred,-33.5906,26.891,288.62,64.0,43.0,7.19,ZA,1720295147.0
310,cidreira,-30.1811,-50.2056,284.68,60.0,99.0,2.76,BR,1720295148.0
311,jertih,5.7336,102.4897,297.75,89.0,18.0,1.58,MY,1720295149.0
312,uturoa,-16.7333,-151.4333,299.38,77.0,3.0,8.27,PF,1720295150.0
313,tazovsky,67.4667,78.7,279.73,78.0,96.0,6.62,RU,1720295151.0
314,higuera de zaragoza,25.95,-109.2833,307.11,48.0,89.0,5.46,MX,1720295153.0
315,turochak,52.2576,87.1224,289.15,97.0,54.0,1.16,RU,1720295154.0
316,spas-klepiki,55.1347,40.1767,287.71,75.0,25.0,2.2,RU,1720295155.0
317,amphoe sikhiu,14.8994,101.7083,298.9,83.0,100.0,1.83,TH,1720295156.0
318,mar del plata,-38.0023,-57.5575,283.76,63.0,75.0,2.57,AR,1720295073.0
319,nizhneudinsk,54.9076,99.0276,289.18,96.0,79.0,0.8,RU,1720295158.0
320,igarka,67.4667,86.5833,279.25,89.0,100.0,5.08,RU,1720295159.0
321,hau-ri,41.2006,129.4703,292.11,98.0,75.0,0.67,KP,1720295160.0
322,laojunmiao,39.8333,97.7333,288.17,61.0,9.0,3.65,CN,1720295162.0
323,gardony,47.2094,18.6361,299.25,44.0,1.0,3.58,HU,1720295163.0
324,tidjikja,18.5564,-11.4271,306.45,27.0,2.0,4.13,MR,1720295164.0
325,xuanzhou,30.9525,118.7553,299.62,76.0,6.0,1.51,CN,1720295165.0
326,whitehorse,60.7161,-135.0538,291.58,45.0,75.0,4.63,CA,1720295166.0
327,mossel bay,-34.1831,22.146,297.11,39.0,100.0,4.08,ZA,1720294943.0
328,knyaze-volkonskoye,48.4642,135.4567,295.34,98.0,17.0,2.58,RU,1720295168.0
329,bandon,51.7469,-8.7425,287.92,79.0,22.0,3.74,IE,1720295170.0
330,kanniyakumari,8.0833,77.5667,299.18,83.0,100.0,7.04,IN,1720295171.0
331,khabarovsk,48.4808,135.0928,295.04,100.0,100.0,3.0,RU,1720295172.0
332,laminusa,5.5549,120.9136,301.39,76.0,67.0,2.71,PH,1720295173.0
333,medina,24.4686,39.6142,311.39,16.0,0.0,4.12,SA,1720295174.0
334,hithadhoo,-0.6,73.0833,302.04,74.0,98.0,3.73,MV,1720295175.0
335,acapulco de juarez,16.8634,-99.8901,304.05,74.0,40.0,4.63,MX,1720294927.0
336,pemangkat,1.1667,108.9667,298.65,89.0,100.0,3.38,ID,1720295177.0
337,sergeyevka,53.88,67.4158,290.06,97.0,70.0,3.5,KZ,1720295179.0
338,saint-jean-de-monts,46.7833,-2.0667,288.89,69.0,100.0,7.81,FR,1720295180.0
339,port hueneme,34.1478,-119.1951,307.25,79.0,100.0,8.23,US,1720295181.0
340,thinadhoo,0.5333,72.9333,301.95,73.0,100.0,3.32,MV,1720295182.0
341,sweet home,44.3976,-122.7362,308.04,32.0,0.0,0.45,US,1720295183.0
342,new norfolk,-42.7826,147.0587,274.77,96.0,78.0,1.1,AU,1720295184.0
343,alofi,-19.0595,-169.9187,298.09,83.0,75.0,4.63,NU,1720295185.0
344,diu,20.7141,70.9822,301.86,85.0,94.0,8.93,IN,1720295187.0
345,tuy hoa,13.0833,109.3,297.09,94.0,100.0,1.47,VN,1720295188.0
346,treasure island,27.7692,-82.769,307.18,68.0,40.0,3.13,US,1720295189.0
347,kappeln,54.6612,9.9313,288.7,77.0,68.0,12.54,DE,1720295190.0
348,puerto san carlos,,,,,,,,
349,lazaro cardenas,17.9583,-102.2,303.26,64.0,11.0,4.39,MX,1720295192.0
350,zyryanskoye,56.8306,86.6258,291.8,96.0,100.0,0.6,RU,1720295193.0
351,pontianak,-0.0333,109.3333,296.14,100.0,100.0,2.57,ID,1720295194.0
352,periban de ramos,19.5167,-102.4167,295.93,65.0,45.0,1.86,MX,1720295196.0
353,hanting,36.7708,119.2108,298.86,72.0,99.0,1.44,CN,1720295197.0
354,belyy yar,53.6039,91.3903,290.09,94.0,0.0,0.0,RU,1720295198.0
355,hell-ville,-13.4,48.2667,298.43,71.0,2.0,0.89,MG,1720295199.0
356,manado,1.487,124.8455,297.58,100.0,40.0,1.03,ID,1720295200.0
357,isabela,6.7085,121.9711,298.03,89.0,63.0,1.81,PH,1720295201.0
358,hobyo,5.3505,48.5268,298.04,80.0,78.0,12.67,SO,1720295202.0
359,taoudenni,22.6783,-3.9836,313.2,16.0,39.0,4.99,ML,1720295203.0
360,wajir,1.7471,40.0573,300.86,51.0,30.0,9.01,KE,1720295205.0
361,sogndal,61.2283,7.1003,287.36,82.0,100.0,0.0,NO,1720295206.0
362,san zenone degli ezzelini,45.7804,11.8372,296.95,96.0,44.0,2.17,IT,1720295207.0
363,skagen,57.7209,10.5839,289.11,88.0,49.0,6.46,DK,1720295208.0
364,brookings,44.3114,-96.7984,299.47,66.0,48.0,4.72,US,1720295209.0
365,la passe,45.5549,-0.8967,290.28,64.0,56.0,4.05,FR,1720295210.0
366,la romana,18.4273,-68.9728,305.35,74.0,40.0,4.12,DO,1720295211.0
367,bahia honda,22.9036,-83.1592,305.04,60.0,100.0,3.98,CU,1720295212.0
368,vico del gargano,41.8983,15.9576,296.85,61.0,0.0,4.32,IT,1720295214.0
369,kirakira,-10.4544,161.9205,298.63,86.0,100.0,3.66,SB,1720295215.0
370,pacific grove,36.6177,-121.9166,298.72,85.0,40.0,4.02,US,1720295216.0
371,qui nhon,13.7667,109.2333,298.03,88.0,100.0,1.48,VN,1720295217.0
372,eraan,9.0629,117.7016,298.4,89.0,100.0,1.78,PH,1720295218.0
373,dobryanka,58.4619,56.4165,291.04,72.0,2.0,2.44,RU,1720295219.0
374,mil'kovo,55.6078,37.7956,292.37,50.0,0.0,2.3,RU,1720295220.0
375,luena,-11.7833,19.9167,286.68,31.0,1.0,1.49,AO,1720295221.0
376,inderbor,48.55,51.7833,302.85,36.0,100.0,2.73,KZ,1720295223.0
377,chokwe,-24.5333,32.9833,288.61,76.0,0.0,2.4,MZ,1720295224.0
378,kintinku,-5.8833,35.2333,295.87,52.0,0.0,3.38,TZ,1720295225.0
379,warmbad,-28.45,18.7333,289.24,15.0,53.0,5.11,NA,1720295226.0
380,saudarkrokur,65.7461,-19.6394,278.91,85.0,100.0,4.2,IS,1720295227.0
381,tobi village,,,,,,,,
382,teguise,29.0605,-13.564,293.27,68.0,40.0,9.26,ES,1720295229.0
383,beira,-19.8436,34.8389,295.2,83.0,0.0,4.12,MZ,1720295231.0
384,kapuskasing,49.4169,-82.4331,299.15,41.0,75.0,1.54,CA,1720295232.0
385,fraserburgh,57.6874,-2.0184,284.5,89.0,100.0,5.94,GB,1720295233.0
386,zaragoza,41.6561,-0.8773,293.4,57.0,20.0,12.35,ES,1720295040.0
387,happy valley-goose bay,53.3168,-60.3315,299.32,24.0,20.0,2.57,CA,1720295235.0
388,chinhoyi,-17.3667,30.2,287.08,31.0,0.0,1.63,ZW,1720295236.0
389,chapra,25.7667,84.75,303.14,88.0,100.0,4.88,IN,1720295237.0
390,turpan,42.9333,89.1667,305.56,28.0,100.0,3.57,CN,1720295238.0
391,mangrol,21.1167,70.1167,301.98,85.0,100.0,8.97,IN,1720295240.0
392,burumburum,11.3911,8.7234,293.92,90.0,68.0,6.65,NG,1720295241.0
393,bayanhongor,46.7167,100.1167,284.16,50.0,97.0,2.78,MN,1720295242.0
394,sanya,18.2431,109.505,300.24,100.0,40.0,2.0,CN,1720295243.0
395,yeppoon,-23.1333,150.7333,288.85,76.0,19.0,8.22,AU,1720295244.0
396,fukuoka,33.6064,130.4181,302.1,70.0,89.0,3.6,JP,1720295102.0
397,bengkulu,-3.8004,102.2655,297.66,88.0,100.0,1.51,ID,1720295246.0
398,tapa,59.2606,25.9586,286.19,82.0,80.0,2.53,EE,1720295248.0
399,pizarro,4.9533,-77.366,301.52,72.0,25.0,3.26,CO,1720295249.0
400,palikir - national government center,6.9248,158.1611,297.56,94.0,100.0,1.54,FM,1720295250.0
401,puerto baquerizo moreno,-0.9,-89.6,297.7,88.0,40.0,7.72,EC,1720295231.0
402,kone,-21.0595,164.8658,288.35,82.0,10.0,2.01,NC,1720295252.0
403,chibougamau,49.9168,-74.3659,294.94,40.0,75.0,1.03,CA,1720295253.0
404,tanumah,27.1,44.1333,305.7,11.0,94.0,4.24,SA,1720295254.0
405,san jose del guaviare,2.5729,-72.6459,299.72,92.0,46.0,1.43,CO,1720295255.0
406,tubarjal,30.4999,38.216,303.73,27.0,8.0,6.44,SA,1720295257.0
407,santa elena de uairen,4.6167,-61.1333,294.26,84.0,98.0,1.28,VE,1720295258.0
408,viedma,-40.8135,-62.9967,280.66,44.0,54.0,4.18,AR,1720295259.0
409,sinfra,6.6167,-5.9167,296.2,91.0,100.0,1.75,CI,1720295260.0
410,carnarvon,-24.8667,113.6333,292.05,81.0,88.0,7.37,AU,1720295261.0
411,ulladulla,-35.35,150.4667,284.04,80.0,100.0,2.6,AU,1720295156.0
412,prince george,53.9166,-122.753,296.09,45.0,0.0,2.57,CA,1720294991.0
413,nalerigu,,,,,,,,
414,tecate,32.5667,-116.6333,305.52,26.0,1.0,4.07,MX,1720295266.0
415,stepnogorsk,52.3544,71.8869,290.71,89.0,90.0,4.91,KZ,1720295267.0
416,east london,-33.0153,27.9116,288.91,69.0,48.0,5.78,ZA,1720295268.0
417,richards bay,-28.783,32.0377,288.26,65.0,0.0,2.58,ZA,1720295269.0
418,kirensk,57.7853,108.1119,286.41,65.0,72.0,1.6,RU,1720295270.0
419,qacha's nek,-30.1154,28.6894,276.3,23.0,9.0,2.64,LS,1720295271.0
420,aladag,37.5485,35.396,296.35,50.0,0.0,3.07,TR,1720295272.0
421,fairwood,47.4484,-122.1573,303.83,38.0,0.0,5.14,US,1720295273.0
422,nikol'sk,53.7189,46.0712,292.42,93.0,10.0,5.87,RU,1720295275.0
423,regina,50.4501,-104.6178,297.61,53.0,75.0,3.6,CA,1720295102.0
424,deqen,29.9618,90.7188,284.5,76.0,100.0,3.34,CN,1720295277.0
425,port macquarie,-31.4333,152.9167,284.3,98.0,99.0,0.89,AU,1720295278.0
426,ruovesi,61.9858,24.0571,288.25,75.0,86.0,4.06,FI,1720295279.0
427,minab,27.1467,57.0801,308.04,51.0,88.0,1.25,IR,1720295280.0
428,castillos,-34.1667,-53.8333,280.94,67.0,46.0,2.22,UY,1720295281.0
429,brisas de zicatela,15.8369,-97.0419,303.44,74.0,40.0,5.14,MX,1720295282.0
430,masuguru,-11.3667,38.4167,296.0,53.0,9.0,2.82,TZ,1720295284.0
431,i-n-salah,27.1935,2.4607,313.17,9.0,5.0,2.07,DZ,1720295285.0
432,susanville,40.4163,-120.653,308.61,11.0,0.0,1.79,US,1720295286.0
433,le vauclin,14.5452,-60.8388,304.18,66.0,75.0,8.23,MQ,1720295287.0
434,aldan,58.6031,125.3894,282.04,82.0,4.0,0.15,RU,1720295288.0
435,griffith,41.5284,-87.4237,300.03,68.0,100.0,4.12,US,1720295289.0
436,lockwood,45.8191,-108.4149,298.09,40.0,40.0,7.2,US,1720295291.0
437,hovd,48.0056,91.6419,294.39,33.0,100.0,1.58,MN,1720295292.0
438,frontera,26.9333,-101.45,306.42,41.0,0.0,3.13,MX,1720295293.0
439,al kharijah,25.4514,30.5464,305.26,29.0,2.0,4.73,EG,1720295294.0
440,holualoa,19.6228,-155.9522,298.06,87.0,40.0,2.06,US,1720295295.0
441,culfa,38.9558,45.6308,302.08,44.0,2.0,2.3,AZ,1720295296.0
442,huarmey,-10.0681,-78.1522,294.73,74.0,59.0,6.01,PE,1720295234.0
443,mogocha,53.7333,119.7667,285.31,72.0,3.0,1.6,RU,1720295298.0
444,katagum,12.2867,10.3527,300.21,67.0,57.0,8.32,NG,1720295300.0
445,north bend,43.4065,-124.2243,313.28,35.0,0.0,6.03,US,1720295301.0
446,chongoyape,-6.6406,-79.3892,302.04,48.0,84.0,3.44,PE,1720295302.0
447,pont rouge,48.8833,-72.0825,297.21,60.0,18.0,3.73,CA,1720295303.0
448,beacon square,28.2086,-82.7554,307.15,75.0,28.0,0.89,US,1720295304.0
449,yangor,,,,,,,,
450,morehead city,34.7229,-76.726,303.16,83.0,19.0,4.02,US,1720295306.0
451,mount pleasant,32.7941,-79.8626,307.23,69.0,0.0,6.69,US,1720295107.0
452,margate,51.3813,1.3862,288.64,68.0,18.0,7.61,GB,1720295309.0
453,nang rong,14.6377,102.7914,298.57,84.0,69.0,2.79,TH,1720295310.0
454,lospalos,-8.5186,127.0025,294.19,95.0,92.0,2.74,TL,1720295311.0
455,cockburn town,21.4612,-71.1419,301.79,77.0,99.0,3.31,TC,1720295312.0
456,isangel,-19.55,169.2667,294.22,60.0,58.0,8.36,VU,1720295313.0
457,el bauga,18.262,33.9081,308.39,19.0,0.0,4.77,SD,1720295314.0
458,cerro de san antonio,10.3259,-74.8693,308.82,39.0,52.0,4.67,CO,1720295315.0
459,elkins,38.9259,-79.8467,303.74,55.0,0.0,0.89,US,1720295316.0
460,nemuro,43.3236,145.575,287.23,100.0,100.0,6.38,JP,1720295318.0
461,saint-felicien,48.6501,-72.4491,297.43,64.0,75.0,1.03,CA,1720295319.0
462,bloomingdale,27.8936,-82.2404,307.64,72.0,75.0,0.0,US,1720295320.0
463,santa cruz,-17.8,-63.1667,290.85,39.0,40.0,4.12,BO,1720294956.0
464,cide,41.8921,33.0044,294.84,89.0,0.0,1.07,TR,1720295322.0
465,tralee,52.2704,-9.7026,287.29,72.0,75.0,3.6,IE,1720295323.0
466,weno,7.4515,151.8468,298.12,94.0,100.0,2.57,FM,1720295324.0
467,portland,45.5234,-122.6762,308.48,31.0,4.0,1.79,US,1720295311.0
468,spanish springs,39.6491,-119.7074,310.38,10.0,0.0,3.6,US,1720295327.0
469,olyokminsk,60.3736,120.4264,284.89,73.0,86.0,1.12,RU,1720295328.0
470,itoman,26.1247,127.6694,302.58,86.0,0.0,2.57,JP,1720295329.0
471,fort bragg,35.139,-79.006,310.23,44.0,40.0,3.13,US,1720295330.0
472,tekane,,,,,,,,
473,merizo village,13.2658,144.6691,301.0,79.0,45.0,5.82,GU,1720295332.0
474,jerseyville,39.12,-90.3285,304.08,50.0,18.0,3.45,US,1720295334.0
475,justo daract,-33.8594,-65.1828,285.69,32.0,100.0,6.01,AR,1720295335.0
476,tosontsengel,48.7567,98.2839,284.11,72.0,68.0,1.0,MN,1720295336.0
477,fuerte olimpo,-21.0415,-57.8738,295.12,51.0,66.0,1.12,PY,1720295337.0
478,mandalgovi,45.7625,106.2708,292.75,42.0,61.0,3.88,MN,1720295338.0
479,piacabucu,-10.4056,-36.4344,297.5,88.0,70.0,4.48,BR,1720295339.0
480,walvis bay,-22.9575,14.5053,286.73,84.0,0.0,1.65,NA,1720295340.0
481,boguchany,58.3814,97.4531,290.93,57.0,9.0,0.53,RU,1720295342.0
482,linxia chengguanzhen,35.6003,103.2064,287.92,93.0,100.0,0.44,CN,1720295343.0
483,san andres,12.5847,-81.7006,299.16,89.0,20.0,3.09,CO,1720295344.0
484,vadso,70.0744,29.7487,286.24,76.0,75.0,6.69,NO,1720295345.0
485,nikolayevsk-on-amure,53.1406,140.73,287.32,99.0,100.0,1.83,RU,1720295346.0
486,ha'il,27.5219,41.6907,307.16,13.0,0.0,4.12,SA,1720295347.0
487,dudinka,69.4058,86.1778,279.55,93.0,77.0,3.27,RU,1720295348.0
488,plouzane,48.3833,-4.6167,288.18,80.0,75.0,4.63,FR,1720295349.0
489,aguas vermelhas,-15.7472,-41.46,295.41,60.0,46.0,2.5,BR,1720295351.0
490,khost,33.3395,69.9204,300.4,59.0,0.0,1.79,AF,1720295352.0
491,berdigestyakh,62.0989,126.6992,284.95,71.0,3.0,1.1,RU,1720295353.0
492,ciudad lazaro cardenas,17.9583,-102.2,303.26,64.0,11.0,4.39,MX,1720295192.0
493,george town,5.4112,100.3354,300.12,78.0,20.0,1.03,MY,1720295117.0
494,divo,5.8397,-5.36,296.6,88.0,99.0,1.58,CI,1720295356.0
495,kurchatov,51.6601,35.6521,290.38,68.0,3.0,2.97,RU,1720295357.0
496,keflavik,64.0049,-22.5624,288.1,62.0,0.0,7.72,IS,1720295358.0
497,east ballina,-28.8667,153.5833,285.82,63.0,77.0,4.72,AU,1720295360.0
498,gadzhiyevo,69.2551,33.3362,284.25,88.0,100.0,10.59,RU,1720295361.0
499,escalon,37.7974,-120.9966,317.43,12.0,0.0,3.03,US,1720295362.0
500,warman,52.3168,-106.5679,298.2,53.0,75.0,4.12,CA,1720295363.0
501,smithers,54.7804,-127.1743,294.33,37.0,0.0,1.03,CA,1720295364.0
502,floro,61.5996,5.0328,287.13,77.0,100.0,6.69,NO,1720295365.0
503,pacasmayo,-7.4006,-79.5714,294.61,73.0,93.0,6.8,PE,1720295366.0
504,tippi,7.2,35.45,291.37,99.0,100.0,0.43,ET,1720295367.0
505,amga,60.8953,131.9608,286.25,72.0,100.0,0.71,RU,1720295369.0
506,kaga bandoro,6.9896,19.1874,294.56,97.0,82.0,1.53,CF,1720295370.0
507,sakaiminato,35.55,133.2333,301.11,78.0,75.0,5.14,JP,1720295371.0
508,porto novo,6.4965,2.6036,299.05,86.0,100.0,3.12,BJ,1720295372.0
509,suntar,62.1444,117.6319,285.54,77.0,97.0,2.34,RU,1720295373.0
510,laguna,38.421,-121.4238,316.28,25.0,0.0,2.06,US,1720295374.0
511,maturin,9.75,-63.1767,301.06,94.0,63.0,5.14,VE,1720295300.0
512,ust'-kalmanka,52.1207,83.305,290.5,88.0,99.0,0.95,RU,1720295377.0
513,port pirie,-33.1833,138.0167,286.63,77.0,100.0,3.64,AU,1720295378.0
514,camacupa,-12.0167,17.4833,288.25,24.0,29.0,1.58,AO,1720295379.0
515,taulaga,-11.0553,-171.0883,300.79,77.0,100.0,2.43,AS,1720295380.0
516,nantucket,41.2835,-70.0995,297.67,88.0,100.0,6.69,US,1720295381.0
517,cabedelo,-6.9811,-34.8339,298.52,84.0,34.0,4.34,BR,1720295382.0
518,frutal,-20.0247,-48.9406,302.39,26.0,0.0,0.85,BR,1720295383.0
519,suva reka,42.3586,20.825,297.15,62.0,0.0,2.67,XK,1720295385.0
520,kingston,17.997,-76.7936,303.68,70.0,20.0,8.75,JM,1720295386.0
521,usakos,-22.0,15.6,288.72,40.0,0.0,1.23,NA,1720295387.0
522,kerikeri,-35.2268,173.9474,280.84,91.0,44.0,2.09,NZ,1720295388.0
523,aykhal,66.0,111.5,288.99,89.0,100.0,6.26,RU,1720295389.0
524,bathsheba,13.2167,-59.5167,303.49,79.0,20.0,10.8,BB,1720295390.0
525,khandyga,62.6667,135.6,283.02,80.0,71.0,0.86,RU,1720295391.0
526,tolanaro,-25.0319,46.9987,293.19,88.0,20.0,4.12,MG,1720295392.0
527,egilsstadir,65.2653,-14.3948,278.1,93.0,100.0,4.63,IS,1720295394.0
528,freetown,8.484,-13.2299,298.99,83.0,75.0,3.09,SL,1720295395.0
529,kontagora,10.3999,5.4695,299.06,72.0,62.0,1.27,NG,1720295396.0
530,sonsorol village,,,,,,,,
531,cesme,38.3228,26.3064,299.99,61.0,0.0,3.6,TR,1720295398.0
532,hammerfest,70.6634,23.6821,286.4,82.0,20.0,1.54,NO,1720295399.0
533,coronel du graty,-27.6804,-60.9146,288.16,22.0,17.0,4.51,AR,1720295400.0
534,traiguen,-38.25,-72.6833,280.49,76.0,1.0,3.51,CL,1720295402.0
535,al jawf,29.5,38.75,304.19,22.0,23.0,4.1,SA,1720295403.0
536,dongola,19.1667,30.4833,309.27,13.0,3.0,5.86,SD,1720295404.0
537,odessa,46.4775,30.7326,298.39,41.0,9.0,4.73,UA,1720295146.0
538,poronaysk,49.2167,143.1167,284.17,98.0,100.0,1.61,RU,1720295406.0
539,beckley,37.7782,-81.1882,302.64,58.0,20.0,4.12,US,1720295124.0
540,salalah,17.0151,54.0924,301.2,89.0,100.0,1.54,OM,1720295408.0
541,moirang,24.5,93.7667,295.16,96.0,100.0,0.76,IN,1720295410.0
542,taza,34.25,-3.75,300.0,26.0,0.0,6.66,MA,1720295411.0
543,praya,14.9215,-23.5087,296.45,88.0,100.0,4.63,CV,1720295412.0
544,porangatu,-13.4408,-49.1486,306.31,21.0,2.0,1.65,BR,1720295413.0
545,norfolk,42.1668,-71.2495,300.96,90.0,100.0,4.63,US,1720295414.0
546,betio village,1.358,172.9211,298.17,79.0,100.0,2.7,KI,1720295415.0
547,youghal,51.95,-7.8506,287.71,83.0,11.0,4.9,IE,1720295416.0
548,launceston,-41.45,147.1667,273.23,93.0,5.0,2.06,AU,1720295417.0
549,inarajan village,13.2736,144.7484,301.23,79.0,60.0,6.13,GU,1720295419.0
550,kuala tungkal,-0.8167,103.4667,297.09,95.0,88.0,2.4,ID,1720295420.0
551,timimoun,29.2639,0.231,318.36,10.0,8.0,2.57,DZ,1720295421.0
552,severo-yeniseyskiy,60.3725,93.0408,287.6,92.0,78.0,1.46,RU,1720295422.0
553,sao joao da barra,-21.6403,-41.0511,299.2,79.0,0.0,7.15,BR,1720295423.0
554,tucupita,9.0622,-62.051,300.45,78.0,100.0,3.16,VE,1720295424.0
555,twon-brass,4.3151,6.2418,299.56,82.0,82.0,3.79,NG,1720295425.0
556,marysville,48.0518,-122.1771,303.7,49.0,0.0,4.12,US,1720295321.0
557,beloyarskiy,63.7119,66.6722,287.33,80.0,4.0,2.18,RU,1720295428.0
558,givet,50.138,4.8255,288.64,60.0,75.0,7.2,FR,1720295429.0
559,pitimbu,-7.4706,-34.8086,298.48,85.0,32.0,4.84,BR,1720295430.0
560,otley,53.9055,-1.6938,288.39,69.0,40.0,7.72,GB,1720295431.0
561,tual,-5.6667,132.75,299.35,87.0,100.0,9.55,ID,1720295432.0
562,nevada,39.2502,-116.7512,300.85,7.0,0.0,3.5,US,1720295433.0
563,ribeira brava,32.65,-17.0667,295.77,86.0,0.0,2.68,PT,1720295434.0
564,tabanan,-8.5413,115.1252,298.37,90.0,100.0,2.44,ID,1720295435.0
565,timmins,48.4669,-81.3331,298.05,44.0,75.0,2.06,CA,1720295378.0
566,iquique,-20.2208,-70.1431,289.95,76.0,88.0,3.51,CL,1720295435.0
567,ljusdal,61.8288,16.0913,287.59,65.0,100.0,3.72,SE,1720295439.0
568,taroudant,30.4703,-8.877,292.86,74.0,0.0,5.24,MA,1720295440.0
569,hilo,19.7297,-155.09,299.4,76.0,75.0,2.06,US,1720295239.0
570,mariehamn,60.0973,19.9348,289.07,94.0,40.0,7.2,AX,1720295342.0
571,rayside-balfour,,,,,,,,
572,palmer,42.1584,-72.3287,303.81,66.0,75.0,5.66,US,1720295239.0
573,key west,24.5557,-81.7826,305.37,66.0,0.0,3.6,US,1720295146.0
574,kapa'a,22.0752,-159.319,301.14,77.0,20.0,5.14,US,1720295447.0
575,wanning,18.8003,110.3967,300.38,88.0,10.0,3.17,CN,1720295448.0
576,ushibukamachi,32.1906,130.0228,298.99,96.0,17.0,3.4,JP,1720295449.0
577,sola,-13.8833,167.55,297.51,69.0,100.0,12.49,VU,1720295450.0
578,talne,48.8885,30.6974,290.76,58.0,8.0,3.32,UA,1720295451.0
579,ulsteinvik,62.3432,5.8487,287.65,84.0,98.0,1.79,NO,1720295452.0
580,kodinsk,58.6881,99.1844,289.43,46.0,7.0,0.67,RU,1720295454.0
581,puerto armuelles,8.2833,-82.8667,301.14,84.0,98.0,2.24,PA,1720295455.0
582,ash shatrah,31.4117,46.1742,311.77,9.0,0.0,8.28,IQ,1720295456.0
583,dubbo,-32.25,148.6167,279.22,81.0,10.0,4.63,AU,1720295457.0
584,san carlos,9.6612,-68.5827,300.0,91.0,83.0,1.56,VE,1720295458.0
585,yung shue wan,22.2333,114.1167,303.53,85.0,69.0,4.07,HK,1720295459.0
586,topraisar,44.0167,28.45,294.35,72.0,5.0,1.5,RO,1720295460.0
587,verkhniye kigi,55.4083,58.6044,291.47,91.0,97.0,2.0,RU,1720295461.0
588,syktyvkar,61.6764,50.8099,291.0,100.0,100.0,3.0,RU,1720295463.0
589,anse-bertrand,16.4721,-61.5078,305.05,74.0,99.0,8.64,GP,1720295464.0
590,papao,-17.75,-149.55,299.97,81.0,10.0,10.17,PF,1720295465.0
591,krotovka,53.2858,51.1686,295.58,72.0,7.0,2.23,RU,1720295466.0
592,wewak,-3.5534,143.6268,298.23,90.0,100.0,2.62,PG,1720295467.0
593,savannakhet,16.566,104.751,298.68,79.0,65.0,1.5,LA,1720295468.0
594,xiongzhou,25.1167,114.3,298.56,89.0,3.0,0.69,CN,1720295469.0
595,banda aceh,5.5577,95.3222,299.97,79.0,99.0,3.21,ID,1720295470.0
596,taibet,33.0829,6.3998,312.03,15.0,0.0,5.16,DZ,1720295472.0
597,afaahiti,-17.75,-149.2833,299.08,82.0,70.0,9.82,PF,1720295473.0
598,tostado,-29.232,-61.7692,288.04,21.0,21.0,4.6,AR,1720295474.0
